Period,Power_Generation,Pumped_Storage,Coal_Fired,Oil_Fired,LNG_Fired,Nuclear,Renewable_Generation,Hydro,Geothermal,Solar_PV,Wind_Onshore,Wind_Offshore,Biomass_Solid,Biomass_Biogas,Waste
200601,17606499.08,317056.16,9262766.373,1877463.268,1925726.256,3663361.8,560125.22,220043.018,0,106,23000.795,0,23289.11388,4940.8,288745.494
200602,15925042.71,276932.84,8462941.559,2038475.65,1684759.427,2950230.8,511702.438,234439.159,0,107,20475.448,0,25324.0012,4324.32,227032.51
200603,18319633.7,310919.84,9451596.282,2126256.39,2836001.887,3012590.8,582268.496,292449.046,0,111,13650.348,0,23102.2991,4502.79,248453.013
200604,18777765.09,322054.28,10249842.75,1466218.585,3142534.309,2952539.4,644575.773,390430.23,0,111,12910.691,0,21927.31224,3997.09,215199.45
200605,20455933.62,346157.96,11072354.06,1594432.936,3647102.241,3050911.2,744975.218,454428.211,0,114,19415.649,0,22777.86697,4392.3,243847.192
200606,20848742.91,336423.8,10793970.98,1772482.967,3855307.285,3391830.6,698727.274,388204.343,0,121,17480.158,0,20529.8369,5277.048,267114.889
200607,22757899.79,356922.96,11883032.8,1743892.585,4278417.899,3693477,802156.547,479157.529,0,125,16568.948,0,21669.2376,4605.82,280030.013
200608,22801100.44,354648.72,11257184.04,1782280.133,4909150.963,3729676.2,768160.378,450714.522,0,126,9142.119,0,21000.20628,4575.48,282602.051
200609,20624409.41,322590.361,11137501.68,1391730.344,3817623.128,3231741.4,723222.497,395081.947,0,128,26449.294,0,19483.61671,4674.217373,277405.422
200610,20117993.11,314158.32,10802784.09,1507888.391,3657952.937,3239958.6,595250.77,294317.977,0,132,34982.831,0,22300.42145,4341.788795,239175.752
200611,18803890.21,314474.6,9975074.921,1407255.728,3359108.803,3190021.6,557954.558,271338.841,0,135,33818.617,0,21702.82956,4511.022075,226448.249
200612,18491215.45,338326.88,9699753.929,1138210.075,2996036.932,3764158.4,554729.234,217745.944,0,141,48179.834,0,23742.72883,4300.077182,260619.65
200701,18636981.46,328191.28,9768068.955,1376054.86,2698670.899,3823336.8,642658.662,251243.717,0,143,73531.037,0,20166.01603,5338.447064,292236.445
200702,15853810.93,280323.28,8441752.993,1257701.734,2157389.142,3171947.6,544696.177,222860.339,0,146,34845.063,0,19854.58523,4171.321634,262818.869
200703,19241422.78,316280.44,10394696.24,1253930.808,3364096.22,3254930.8,657488.267,304734.103,0,149,40499.739,0,25519.26667,4818.174376,281767.984
200704,18762235.82,329048.48,10354528.5,969900.146,3359722.812,3082325.8,666710.084,387173.948,0,155,32230.151,0,20630.5319,4741.083692,221779.37
200705,21402670.43,365781.88,11370251.51,1415374.169,4302281.667,3275744,673237.2,394887.407,0,168,13966.636,0,20370.18312,4791.801733,239053.173
200706,21630898.18,342348.68,11248666.32,1391171.54,4251409.87,3651714.6,745587.168,431199.483,0,168,14587.529,0,20279.53799,3957.701436,275394.917
200707,24213663.75,341340.24,11856919.53,1991895.618,5540002.593,3729192,754313.773,409236.796,0,170,17251.918,0,21538.2438,4437.008825,301679.807
200708,22784419.48,314938.2,12027914.25,1482384.617,4466000.408,3751666.4,741515.605,417212.424,0,200,15989.635,0,19171.56545,4846.561712,284095.419
200709,21240306.57,339790.12,11573029.32,1243904.086,4261127.361,2991594.4,830861.29,509121.837,0,201,27425.354,0,18621.89567,4476.431345,271014.772
200710,20856341.67,355252,11093406.57,1566920.043,4025857.941,3025493,789412.12,483148.019,0,213,51532.728,0,20260.53968,4689.192558,229568.641
200711,19089323.94,301693,10051213.14,1434869.903,3561263.507,3056114.6,684169.789,358682.948,0,223,65071.378,0,19532.77785,4646.749059,236012.937
200712,19404508.95,317713.66,10282367.19,1439755.175,3045411.139,3725100,594161.789,248048.884,0,244,52603.339,0,20920.02808,4487.817918,267857.72
200801,19447570.79,316289.42,10478514.01,1331739.764,2898545.656,3823080.2,599401.741,212789.351,0,252.838,72382.348,0,25618.023,3961.44,284397.742
200802,17269801.47,299352.842,9109603.291,1255446.691,2324780.565,3577904.2,702713.876,336334.872,0,276.588,84113.684,0,24218.49203,4017.284446,253752.956
200803,19621169,303891.8,10041405.08,1433833.308,3907049.168,3267019.2,667970.447,327884.65,0,271.722,44710.08,0,24366.87696,4476.3061,266260.812
200804,19560570.82,281060.038,9553651.863,1840124.063,4271858.222,3033178.4,580698.231,296954.044,0,301.334,36859.822,0,17262.54878,4288.163643,225032.319
200805,21226589.3,286957.63,11339021.07,1208464.119,4466797.659,3325112.8,600236.013,299329.019,0,319.742,34069.251,0,13253.20994,3697.977959,249566.814
200806,21432486.95,300623.14,10905692.12,1249199.491,4717667.244,3493026,766278.96,441779.447,0,376.69,28332.93,0,19465.67883,4021.213063,272303.002
200807,22675217.02,292805.14,11340216.52,1286443.538,5250808.695,3772635.4,732307.73,405052.191,0,383.183,29053.096,0,20800.68855,3437.56232,273581.01
200808,22795613.24,304750.08,11313126.49,1445782.204,5080550.211,3766397.4,885006.852,568699.535,0,417.323,16789.338,0,19150.83531,2946.435722,277003.385
200809,20638492.35,268635.56,10344549.17,1342139.136,4309327.284,3602969.6,770871.602,462310.372,0,413.142,30764.291,0,14501.52732,3454.099444,259428.171
200810,19976832.16,289030.8,9669897.901,1110041.456,4755290.704,3336130.4,816440.903,515377.225,0,414.503,46762.379,0,17088.3067,3597.208764,233201.281
200811,17149284.06,263124.77,8997834.723,835892.906,3619819.181,2819788.6,612823.878,273808.46,0,429.607,81649.341,0,12138.76094,3898.481676,240899.228
200812,16511738.12,260643.28,9108278.614,699580.018,2909309.532,3009617.4,524309.28,164786.009,0,616.471,82778.607,0,19132.31293,3695.183587,253300.697
200901,15279444.96,277307.655,8517928.27,704535.86,1430857.955,3743945,604870.222,219812.21,0,600.222,95501.976,0,16113.62642,3409.740331,269432.448
200902,15397978.48,253250.85,8122455.9,624650.008,2391156.109,3464180.2,542285.417,210473.371,0,649.183,75312.774,0,9582.062612,3789.270332,242478.757
200903,17585923.95,277621.808,9684291.161,758952.882,2984882.961,3274374.8,605800.335,259295.063,0,646.399,74250.437,0,18596.45055,3573.877483,249438.108
200904,17737091.39,283526.12,9647810.533,782408.6,3153730.264,3222954.6,646661.274,341484.306,0,696.014,72945.98,0,11045.9083,3556.163898,216932.902
200905,19401722.69,304611.95,10149324.5,750458.104,4328179.093,3229114,640035.037,354908.311,0,689.142,33075.919,0,13706.02838,3514.279389,234141.358
200906,20611609.32,288578,10635217.7,718487.619,4627375.056,3693784.7,648166.246,339576.065,0,725.045,30914.367,0,11367.3489,3508.909145,262074.511
200907,22609159.93,299046,11232371.87,792799.558,5924179.587,3731685.3,629077.615,310304.143,0,739.054,29417.701,0,11354.15656,3827.768323,273434.793
200908,22280972.63,279740,11170700.89,859889.606,5364041.734,3761967,844633.401,529395.301,0,786.793,24299.136,0,11009.46575,3478.133729,275664.572
200909,21779010.36,254585,10650005.6,1199296.399,5312445.212,3693186.4,669491.753,338597.485,0,757.695,38863.073,0,16295.24248,3425.644377,271552.614
200910,19976173.07,268691,10556187.81,780173.153,4166147.041,3396000.6,808973.47,435093.621,0,904.269,111544.773,0,20851.13145,3213.048274,237366.628
200911,18561567.21,258480,10035613.49,663661.357,4231551.1,2772712.2,599549.072,253663.332,0,852.407,89485.934,0,20343.41362,3171.93475,232032.051
200912,18816505.31,259666,10266055.92,767490.843,3366087.323,3587224,569981.231,155684.982,0,1066.312,111023.379,0,27256.02498,3359.875547,271590.658
201001,18884931.42,258355.999,9919889.801,1027402.223,3392745.778,3674348.8,612188.821,201436.365,0,1305.249,100645.324,0,24465.03532,3011.690498,281325.158
201002,16496689.64,256113,8396666.052,1024573.497,2656430.701,3498309.4,664596.989,306612.396,0,1229.25,81884.301,0,20164.629,2794.467254,251911.946
201003,19678631.54,272015,9521995.66,1009255.685,4595785.433,3609623.4,669956.358,307398.332,0,1335.275,76747.681,0,20444.58998,3254.603504,260775.877
201004,19228063.53,247588,9461547.281,901141.785,4943858.246,3047661.1,626267.121,287731.136,0,1598.209,75712.088,0,18654.03652,2819.489926,239752.162
201005,21403509.36,272249,10342152.23,1015257.102,5769635.772,3380535.5,623679.755,332573.775,0,1609.077,41211.707,0,20698.58277,2880.769558,224705.844
201006,21304382.23,277491,10619371.51,832596.925,5352845.315,3262533.1,959544.381,596309.218,0,1705.754,68188.525,0,20339.92639,2892.559198,270108.399
201007,23944419.37,269312,10997956.32,1086450.578,6944943.43,3816475.8,829281.242,465978.191,0,1845.267,50835.414,0,19267.30167,3823.931026,287531.138
201008,23885687.14,255036,11127523.51,1143138.995,6838708.341,3801222.9,720057.401,384310.255,0,2124.425,29117.563,0,17933.52938,2752.491026,283819.138
201009,21838187.7,239815,10696390.81,946464.113,5595614.717,3663445.5,696457.557,362963.214,0,2094.541,43430.259,0,18753.94981,2822.534888,266393.059
201010,21231423.93,250592,10620468.94,1020704.551,5322508.888,3192396.3,824753.251,413690.718,0,2302.126,147001.024,0,14273.05892,2870.756333,244615.568
201011,19350431.12,229543,10157188.81,542769.251,4405445.024,3248209.7,767275.339,323695.553,0,2177.4,182726.183,0,18788.20609,2673.918242,237214.079
201012,19812509.96,232889,10491573.39,581073.051,4427347.104,3433927.6,645699.815,211402.153,0,2400.431,128837.726,0,20896.18508,2761.402895,279401.918
201101,19879025.75,235548,9780748.407,778239.309,4469780.051,3817006.4,797703.578,227583.669,0,2426,250488.242,0,22542.23484,2390.544344,292272.888
201102,17156920.31,225979,8816871.83,610141.002,3348431.448,3504853.8,650643.234,211899.624,0,2529.2,158101.458,0,19512.64389,2164.458756,256435.85
201103,20238646.15,244703,10381993.07,656996.911,4617570.077,3596481.2,740901.896,259028.886,0,2591.841,176703.012,0,22227.20662,2473.569582,277877.381
201104,19656365.35,242439,10023904.26,609216.719,4968521.409,3248030.4,564253.568,228786.815,0,2934.484,82409.749,0,17152.76993,2229.501179,230740.249
201105,21347980.38,256938,10576171.98,870317.622,5846922.549,3167648.8,629981.433,312016.07,0,3940.094,56539.924,0,14268.04629,2294.968528,240922.331
201106,22765709.37,248651,10831371.59,1272931.602,5991815.646,3688607.4,732332.128,371945.357,0,4620.671,57815.414,0,17617.55448,2154.123675,278179.008
201107,23968407.79,253595,11141041.22,955566.596,7047757.548,3818867.8,751579.624,406595.445,0,5723.789,38506.04,0,17284.03149,2128.326952,281341.992
201108,24289371.27,245605,11346386.73,1095002.83,7314741.026,3556535.8,731099.875,378323.854,0,7971.357,40652.52,0,16837.06649,2331.878212,284983.2
201109,21970986.87,236104,10898673.39,650640.362,5864814.873,3599055.8,721698.445,331491.633,0,7077.198,82482.027,0,14354.23437,2124.370646,284168.982
201110,21243178,236317,10405012.56,676393.769,5712768.55,3353515.4,859170.722,407271.084,0,10422.338,165106.55,0,17292.79173,2087.736901,256990.222
201111,19956467.02,232876,10050186.65,752371.453,4687216.886,3345700.2,888115.836,485398.756,0,5365.363,141140.89,0,15820.02805,2049.619928,238341.18
201112,19693955.95,243353,10215592.54,559991.122,4335250.819,3420187.8,919580.669,379385.306,0,6020.202,242730.845,0,14830.35516,1923.025249,274690.936
201201,18553282.04,264345,9013398.946,550189.612,3948014.287,3824674,952660.196,403943.722,0,5492.158,231914.769,0,19501.49966,1894.369537,289913.678
201202,18585465.66,224352,8761743.227,475230.895,4636429.528,3643272.6,844437.409,373824.238,0,10899.829,169676.699,0,21563.85027,1970.924503,266501.869
201203,20272035.59,241426,10379496.56,552612.332,4731321.05,3493343,873836.64,424395.19,0,11307.368,163187.005,0,20626.71106,2141.047655,252179.319
201204,20326090.65,228278,10162247.6,906890.146,5481817.002,2834050.4,712807.506,406948.268,0,13642.286,51557.632,0,17346.58594,1953.269437,221359.465
201205,21911758.32,239197,10503285.04,1023663.413,6748480.147,2413048.6,984084.116,640885.305,0,13063.195,71393.698,0,18777.9768,2039.329053,237924.613
201206,21737198.11,230978,10722930.12,658419.975,6019040.991,3050069.6,1055759.427,662015.306,0,16612.263,88696.462,0,18491.97823,1829.868592,268113.55
201207,24216754.54,257042,11530308.46,748332.461,7010087.909,3744277.8,926705.909,559986.006,0,12856.694,45868.599,0,18669.90168,1843.173794,287481.535
201208,23062136.36,259513.5,11212578.44,580993.782,6182417.754,3704402.4,1122230.479,721173.889,0,14500.858,79924.929,0,14114.62651,1888.405373,290627.772
201209,21647154.79,240573,10390852.63,502264.487,5980223.217,3736349.2,796892.248,416563.044,0,14341.346,67683.635,0,15544.02462,1840.098642,280920.1
201210,20909546.88,243702,10331515.07,586414.856,5419943.604,3521195.2,806776.148,335866.712,0,17870.207,182133.039,0,18875.80282,2048.664055,249981.724
201211,19603220.31,252556,9973237.693,557225.204,4919803.06,3252144.2,648254.153,266407.873,0,16390.65,104124.571,0,17829.77549,2061.656232,241439.628
201212,19548781.55,254938,9455182.071,481009.213,5214486.003,3204902.8,938263.466,457548.409,0,12892.977,157307.444,0,17234.65693,1981.927874,291298.052
201301,19781898.92,258247,9290146.793,519295.962,4926178.078,3924261.2,863769.883,299035.217,0,13318.226,234057.566,0,22618.70364,2052.389276,292687.782
201302,16859260.33,252920,8404270.454,425552.762,3871770.652,3178286.2,726460.262,247016.84,0,15321.069,179455.291,0,15574.53376,1790.106898,267302.422
201303,20164082.81,251716,9614005.365,522119.909,5638983.45,3436337.6,700920.486,265768.455,0,21479.131,129272.899,0,18751.67742,2086.700808,263561.623
201304,19660892.79,270091,9583970.901,454878.235,5200945.957,3292729.2,858277.492,505526.357,0,20857.385,92297.902,0,18266.1165,1901.946057,219427.786
201305,21904967.46,291745,10259202.91,681080.279,6102881.923,3427085.4,1142971.947,798183.513,0,21516.794,56183.459,0,17819.4446,2030.461564,247238.275
201306,22807286.45,276652,10379843.17,1018062.633,7064903.555,3163823.8,904001.291,524706.087,0,20033.877,64283.47,0,14811.11451,1971.345379,278195.398
201307,24096073.46,273538,11383171.01,766847.678,7029671.922,3713133.8,929711.055,544823.857,0,36166.44,42745.226,0,9726.011249,2078.385118,294171.136
201308,24104706.93,273890,11329032.62,670771.47,7055417.762,3857315.8,918279.279,519037.515,0,30497.173,54743.752,0,16774.10684,1980.920654,295245.812
201309,21868323.45,274876,10655772.94,528425.721,5621690.698,3673485.8,1114072.299,668233.146,0,28917.814,114623.076,0,15451.66855,1830.382309,285016.213
201310,21251862.95,266754,10422314.7,418016.842,5607993.656,3505894,1030889.747,477909.563,0,33626.821,243354.425,0,18170.44931,1819.946377,256008.543
201311,19894490.4,247604,10054925.27,409017.256,5264883.19,3123495.4,794565.289,308655.704,0,37846.946,178671.521,0,18920.79164,1720.000646,248750.326
201312,19946968.53,249054,10072433.83,404062.227,5003679.796,3343511.8,874226.874,263993.467,0,41514.56,250319.024,0,18465.22795,1868.262434,298066.333
201401,19770432.92,262509,9986466.673,417899.336,4544443.539,3811304,747810.37,203786.382,0,24115.769,186908.64,0,23254.63753,1866.171594,307878.77
201402,17664543.77,249280,9066143.941,425803.215,3621774.594,3567254.4,734287.615,267802.518,0,27950.413,160874.644,0,21326.01714,1685.033181,254648.99
201403,20375830.47,273670,10231523.97,483462.02,5237290.384,3333746.2,816137.896,349246.193,0,29290.812,133754.039,0,24205.52473,1808.989144,277832.339
201404,20458441.03,250309,10294197.93,546393.884,5863011.881,2822818,681710.335,270151.617,0,50850.415,89776.677,0,18003.21233,1775.466124,251152.948
201405,22306831.62,267629,10467780.5,631993.175,6696992.775,3206184.2,1036251.976,658269.203,0,51354.231,58894.387,0,18541.37749,1644.695453,247548.083
201406,23080326.77,269916,10738277.05,645945.929,6814597.237,3562674.6,1048915.955,624401.668,0,41311.785,88209.654,0,16167.38596,1463.184698,277362.278
201407,25467151.3,280341,11371702.92,1056868.693,7869475.524,3890222.2,998540.955,569953.515,0,54546.507,70744.714,0,20244.1689,1605.852625,281446.198
201408,24693783.27,267336,11483534.46,959992.777,7219141.745,3889434,874344.294,455505.919,0,49927.75,47378.192,0,16364.71542,1782.058712,303385.659
201409,23889435.55,259756,10834939.81,1164481.963,7490375.378,3450312,689570.4,274639.173,0,46306.012,48846.727,0,15926.3808,1764.231229,302087.876
201410,21791916.19,250151,9976385.645,586914.521,6709843.717,3446114.6,822506.708,283719.551,0,58383.525,195520.538,0,17120.48333,1758.549545,266004.062
201411,20097322.61,242844,9414542.776,435691.55,5511500.49,3808675.8,684067.989,187759.231,0,54234.917,163198.493,0,20443.55608,1655.064417,256776.728
201412,20367919.92,247429,9579206.059,658421.183,5491707.472,3600235,790921.208,172626.948,0,40489.993,256377.678,0,20315.96686,1744.238294,299366.384
201501,20008338.44,248593,9748214.223,490493.153,5269797.881,3474365.8,776874.386,176334.07,0,37903.616,217720.768,0,24222.86949,1713.808439,318979.255
201502,17343461.22,233050,8222007.822,600088.76,4442403.461,3129473,716438.18,204270.852,0,57392.192,144320.86,0,17484.66078,1511.574656,291458.041
201503,20528910.7,241244,9674548.677,811050.956,5771560.073,3285078.2,745428.797,238725.505,0,47393.084,138784.209,0,20898.13504,1685.26708,297942.597
201504,20460969.08,230560.001,9609843.961,906170.144,6474393.208,2574142.4,665859.363,196474.867,0,71711.04,120635.431,0,20642.5955,1551.619863,254843.81
201505,22531307.25,272235,9720966.639,1575241.075,7900366.566,2317961.2,744536.768,317289.32,0,79777.723,72091.762,0,20424.30787,1463.444828,253490.211
201506,24096939.12,268859,10377880.85,1288326.725,7913406.234,3298273.4,950192.912,461864.173,0,99024.653,77394.559,0,19021.55559,1496.972868,291390.999
201507,24722973.83,271394,10680085.51,1351952.612,8155553.785,3414020.4,849967.526,327285.362,0,77372.168,100848.75,0,20017.04783,1627.389289,322816.809
201508,23604177.47,267368,10552259.85,996485.855,7222265.145,3302474.2,1263324.422,776365.13,0,97232.735,62545.961,0,12882.04465,1815.583323,312482.969
201509,22029565.57,270790.74,9966498.297,620560.128,6740344.848,3252516.8,1178854.761,714594.537,0,64329.712,86525.433,0,19374.47396,1676.127487,292354.478
201510,22009029.82,251397,9341590.719,868944.679,7051969.388,3437257,1057871.038,558509.538,0,76791.609,149104.119,0,18951.98005,1889.408904,252624.384
201511,20529062.44,236092,9429062.879,1164065.944,6118005.345,2803412.2,778424.074,318158.994,0,77737.912,129588.367,0,15270.37134,3025.539555,234642.891
201512,20277152.72,243373,9835841.459,1315772.806,5948959.127,2182146,751060.323,180273.777,0,63601.504,225675.488,0,18230.00332,2113.917037,261165.634
201601,20071931.96,246565,9189149.877,702962.119,5815313.119,3058041.6,1059900.249,464152.029,0,65185.429,215095.555,0,15178.15265,1863.976505,298425.107
201602,17703506.58,241324,8167972.448,574246.492,4360732.838,3241737.2,1117493.597,554475.144,0,47784.611,209102.27,0,14808.35762,1672.823703,289650.391
201603,20485204.16,258671,9971861.364,444896.541,5093029.602,3366038.8,1350706.849,837772.42,0,60254.682,136467.966,0,18053.77841,1940.762817,296217.24
201604,20702639.07,261331,9595155.498,656350.223,6107134.881,2861816.8,1220850.669,826874.545,0,79575.74,56691.958,0,18812.47263,1745.330894,237150.623
201605,23146672.89,285404,10208728.97,1116371.623,7865690.757,2684934,985543.537,548740.691,0,86758.759,66701.503,0,14104.63315,1988.034325,267249.917
201606,23957366.38,271464,10792230.97,1224941.297,7980593.887,2590551.2,1097585.031,582645.896,0,130740.763,73204.432,0,17484.63264,1842.725643,291666.582
201607,25294613.22,297433,11441230.19,1220724.27,8582928.338,2623417.4,1128880.022,614209.607,0,115131.563,72083.232,0,13667.51011,1793.230429,311994.88
201608,25142327.06,293118,11204147.92,1288884.914,8805320.757,2668213.2,882642.272,403119.402,0,116228.524,33643.952,0,11265.32531,1954.759436,316430.31
201609,22359311.95,255467,10655779.48,835050.677,7098645.281,2410307.6,1104061.909,574245.371,0,120456.065,100586.084,0,14689.44374,1894.981427,292189.964
201610,23312273.02,329579,10360236.75,1503670.319,7757122.48,2161745.2,1199919.27,725541.089,0,91884.665,114802.923,0,16319.71475,1850.855311,249520.023
201611,20942658.73,283785,9773930.931,1359723.087,6685549.838,2081941.8,757728.074,253531.985,0,82968.058,159485.792,0,15559.67734,1849.797893,244332.764
201612,20989151.93,269524,9864569.637,963448.182,7151548.967,1912617.8,827443.346,176732.679,0,112035.791,219236.179,0,15817.92569,1896.807377,301723.964
201701,20075423.1,269689,9749181.762,861142.844,6472101.586,1889489.4,833818.512,190453.117,0,82994.491,224204.835,0,16638.74149,1582.999743,317944.328
201702,18481720.36,228929,9401600.722,901677.518,5336868.687,1760017.6,852626.833,262570.337,0,95774.711,208956.184,0,15551.83854,1636.946438,268136.817
201703,21092885.4,254846,10730290.96,849768.69,6418884.066,1946697.6,892398.084,332014.614,0,112901.94,145203.334,1129.531,13781.04586,1890.534339,285477.085
201704,20747338.86,272835,10885540.47,1215892.093,6254691.631,1300292.4,818087.27,329372.428,0,137796.243,99632.105,1345.453,8102.580399,1615.142218,240223.319
201705,23035788.08,280500,11223110.22,1222441.338,8155767.284,1083266.6,1070702.634,567075.145,0,150246.015,63987.29,1377.435,15377.26773,1840.29353,270799.188
201706,24000309.66,257331,11471352.81,897925.18,8280462.22,1499277.8,1593960.647,1067641.762,0,156743.808,74729.086,1586.813,13663.70835,1779.516607,277815.954
201707,25705977.06,298838,11782310.58,1188319.894,9108843.706,2105131.4,1222533.477,701398.061,0,171632.329,34898.806,644.731,14119.13745,1788.529811,298051.883
201708,26358927.45,338768,11576588.44,1552032.283,9554954.7,2205769.6,1130814.424,572228.323,0,175309.038,67661.044,1984.954,10334.19804,1967.852162,301329.015
201709,24826690.68,317733,11163857,1245876.771,9134940.046,2120569.8,843714.06,334963.088,0,156622.735,43453.922,808.384,14085.37443,1977.903404,291802.654
201710,23480213.32,297951,10897343.63,1223724.559,7760624.108,2199611.8,1100958.223,435014.275,0,159339.987,241302.395,3871.642,14607.39369,2053.514428,244769.016
201711,21371155.44,271918,9752053.653,773192.606,7443905.529,2144604.8,985480.85,348581.489,0,142455.918,228130.955,3567.853,15069.81974,2045.03521,245629.781
201712,21079977.22,244339,9316228.014,784740.083,7519650.713,2190802,1024217.406,305502.148,0,125635.734,269917.527,4064.345,18118.87794,1957.124395,299021.65
201801,21426019.62,245560,9837324.25,655068.555,7281406.701,2226158.4,1180501.712,491072.204,0,107822.116,223312.682,2819.752,17449.1539,2208.649715,335817.155
201802,18584136.61,242889,8488830.575,630125.226,6110693.99,2004852.6,1106745.22,471923.814,0,113029.886,207522.391,2542.036,9425.549315,1883.685107,300417.859
201803,21742179.23,255081,9543852.792,809989.597,7908183.562,2225543.2,999529.08,379172.793,0,173252.602,128970.761,2080.522,17431.48862,2311.1992,296309.715
201804,21531290.27,263867,10266187.78,812168.294,7868707.022,1482958.8,837401.373,302504.68,0,205464.235,65746.608,1132.992,12634.77868,2145.572417,247772.507
201805,25060263.98,307298,12255131.31,1046816.432,8743685.719,1812508.8,894823.719,291770.818,0,241645.502,67872.715,2008.546,12690.11781,2072.453455,276763.567
201806,24597521.7,273722,11965486.81,834997.615,8013672.069,2565614.6,944028.606,265271.01,0,267055.281,93946.999,1923.266,14186.62182,1810.667567,299834.761
201807,24915724.08,325955,11760107.19,628007.237,8277155.705,2873690.4,1050808.548,396374.814,0.836,251850.853,71906.587,1757.524,15060.97076,2110.344731,311746.619
201808,25971366.83,301665,12533264.62,623263.361,8531875.636,2932899.8,1048398.41,378448.038,0.637,290183.622,45187.372,1133.514,10136.26076,2066.015556,321242.951
201809,24245996.05,303732,11969433.55,517883.957,7342906.024,2838049.2,1273991.327,549589.528,0,265834.355,129499.753,2295.462,13123.66738,2181.7183,311466.844
201810,22878695.96,292088,11037967.88,442327.296,7407691.788,2446792.6,1251828.394,454099.628,0,271343.197,219384.612,3890.184,14996.40428,2256.333162,285858.036
201811,22912634.59,278103,11253748.93,528280.452,7735155.747,2131602,985744.462,311079.727,0,242584.577,140308.948,2507.47,13893.50559,2089.898831,273280.336
201812,21631273.08,280814,10345315.62,642471.97,7187849.559,2137641.8,1037180.128,190337.561,0,231535.195,289117.675,2618.823,15411.3408,2072.917036,306086.617
201901,21521980.88,266444,9554821.713,498208.562,7472487.093,2708730.8,1021288.713,246154.63,0,196142.651,222906.216,48.465,19078.21,2019.591983,334938.95
201902,18438294.75,243313,8294184.977,427374.686,5828581.391,2695524.6,949316.098,235942.214,0,244991.443,160956.406,4453.249,15341.98703,1628.618544,286002.181
201903,21719955.75,268625,10036168.44,561584.834,6872733.651,2961541.6,1019302.224,298490.724,0,270127.36,125168.386,2256.619,15597.90071,1665.714407,305995.52
201904,21925223.64,274363,10012624.53,590760.181,7691181.027,2341946.8,1014348.105,344569.343,139.227,288154.377,104033.133,1998.894,14902.80874,1823.129849,258727.193
201905,23559389.7,278430,11674604.92,437994.928,7302445.74,2332342.6,1533571.51,809042.212,18.707,336940.749,85102.728,2115.388,15044.59799,1943.471894,283363.657
201906,24232170.51,291586,12157950.92,425391.381,6880453.195,2859820.4,1616968.61,882769.886,63.199,345191.524,67700.798,636.363,12853.43096,1640.212206,306113.197
201907,26426810.25,305146,12742020.44,451850.345,8652916.814,2927579,1347297.652,536692.532,39.214,376045.022,90388.521,0,14210.2615,1991.330029,327930.772
201908,26294911.71,280556,13144159.94,411277.652,7893135.087,2922067.8,1643715.23,823390.059,62.479,393637.736,83568.399,0,9661.324532,1896.883779,331498.349
201909,23521367.64,254196,11249521.19,322241.429,7429180.594,2862321.4,1403907.019,536637.598,100.136,400530.557,135325.106,16267.218,7101.776202,1847.555032,306097.073
201910,23394293.62,262629,10514762.1,376083.584,8342944.664,2564312.6,1333561.677,401993.775,118.484,418594.947,185212.739,41390.605,4649.474062,2782.220109,278819.433
201911,21450056.35,238123,8454103.226,598010.212,8738611.188,2174782.8,1246425.92,265256.614,86.345,377411.479,244220.023,61196.062,8198.199112,2761.77465,287295.424
201912,21656736.55,244690,8565876.224,748786.803,8040801.975,2972461.6,1084119.944,163856.326,128.918,316888.515,211272.335,46014.058,14793.85632,3086.545629,328079.391
202001,20657720.86,248642,8598737.168,401754.695,7388707.822,2976718.4,1043160.778,194332.412,42.932,300462.492,161182.919,23784.051,12552.11315,3317.933667,347485.926
202002,20358135.93,225771,8467429.261,346063.753,7597674.104,2538982.42,1182215.391,239588.367,142.828,433948.311,150845.75,39469.204,11571.26942,3129.158526,303520.504
202003,22066322.65,239256.23,9600778.286,348362.538,8464387.446,2230354.84,1183183.31,245824.936,97.378,462881.011,128313.498,35573.018,16263.37663,3330.747659,290899.345
202004,20948068.86,225731,9551349.234,270945.644,7475279.464,2269259.38,1155504.135,218327.787,436.792,484479.925,142615.25,35865.6,13688.91419,3411.880045,256677.987
202005,23866051.17,238309,11193040.19,288362.088,8663759.887,2272010.29,1210569.717,312072.47,131.196,528888.484,57935.785,27097.6,12694.74114,3356.917771,268392.524
202006,25286505.35,279188,11933413.14,285561.657,8564056.944,2851930.31,1372355.3,359240.398,166.574,561064.644,92759.792,57203.2,9484.348622,3384.812715,289051.531
202007,27134712.06,304075,13069081.04,449641.598,9023361.57,2932568.43,1355984.417,278437.295,165.135,634178.374,67755.466,38361.6,11117.14207,3652.757575,322316.648
202008,26292647.38,310096.66,12780878.76,415856.857,8672408.496,2918150.9,1195255.714,208488.42,152.303,597707.49,51090.785,16857.6,5538.541847,3012.489144,312408.086
202009,24908747.4,282376,12248103.73,426016.61,7960059.322,2773928.63,1218263.105,224023.969,178.206,565130.948,81979.409,28812.8,7299.740609,3541.306675,307296.726
202010,23586265.41,297672,9994649.119,361771.055,8401314.067,2953920.65,1576938.519,303776.324,192.357,614944.795,289072.058,77734.4,13409.03315,3590.902987,274218.649
202011,22474392.16,250323,9155144.936,343276.289,8677725.851,2627218.18,1420703.899,203909.321,142.109,603272.511,253481.982,61542.4,12769.8024,3376.258774,282209.515
202012,22592700.06,257477,9314796.956,482002.719,8998528.114,2095202.6,1444692.674,231130.587,63.919,460433.946,315758.419,73779.2,14976.48554,33283.20213,315266.916
202101,22488220.74,257731,9134800.708,444511.994,8455953.663,2822815.01,1372408.369,218253.131,0,510796.067,219644.5454,63595.54,16564.07264,4091.606524,339463.407
202102,19221648.88,247635,8239692.419,364059.565,6520871.967,2684822.61,1164567.32,181838.678,0,483048.202,146055.2842,35914.032,11894.62091,3675.702755,302140.801
202103,22884004.31,257044,9300107.844,416344.966,8676899.94,2933738.46,1299869.104,165673.981,519.50443,632656.069,156273.8325,39356.376,15146.41058,4152.542249,286090.389
202104,22592252.91,245801,10111422.13,328711.69,8327514.23,2262098.1,1316705.765,138709.287,512.06943,716538.927,143925.3806,40036.99801,13221.62801,4018.544401,259742.931
202105,26218027.77,298187,12353617.86,441843.258,9379310.106,2398582.5,1346487.051,150609.099,512.06943,769330.186,83426.78001,37671.80499,12187.41486,4074.003483,288675.694
202106,25772329.77,259095,12000958.7,465987.532,8833369.027,2723634.51,1489285.003,293441.25,512.06943,751391.038,93501.17395,23195.116,12445.21469,3767.968274,311031.174
202107,27599898.23,299997,13035124.74,492617.752,10067492.6,2158109.21,1546556.926,313523.25,512.06943,779432.541,93180.65753,28277.91,12616.43341,4071.512164,314942.553
202108,26878664.36,281157,12832910.86,414622.29,9554909.134,2118267.67,1676797.411,568593.703,512.06943,705428.928,50092.71538,21132.565,11001.91069,3940.287527,316095.233
202109,26423906.27,251967,12670007.92,539754.881,9266174.939,2118343.2,1577658.324,378763.085,512.06943,798357.623,48501.20187,25992.69561,12909.36511,4097.258394,308525.027
202110,25541872.48,304770,10598676.98,603689.77,9980701.649,2148192.84,1905841.248,536377.454,1843.04,847008.904,172406.3776,54258.51439,12892.14122,4222.697852,276832.119
202111,22864348.04,250116,9377276.87,501108.849,9716199.777,1439139.86,1580506.685,308272.943,1859.038,695240.128,202039.0633,78542.67,11604.2507,4182.221404,278766.371
202112,22928823.06,230525,9185819.193,317852.495,9579403.407,1980203.61,1635019.351,220606.674,1779.846,661732.342,292432.836,121329.79,10688.80385,4240.865116,322208.195
202201,22504345.79,219218,8805613.558,379654.13,9256287.918,2218843.13,1624729.052,277871.71,2155.88,588285.168,271050.6487,141228.616,15660.58738,3533.817924,324942.624
202202,20077557.04,228815,8158617.917,343882.984,7498766.292,1923266.16,1924208.682,556961.916,1875.91,645709.576,281551.9224,128314.835,13368.38993,3456.292737,292969.841
202203,23077316.87,257310,9619218.382,525717.752,9464695.379,1366950.27,1843425.082,568099.845,2174.1,745098.543,140731.1385,83601.861,15231.29307,3338.743153,285149.559
202204,22987949.74,257277,10163965.49,394624.047,8221047.46,1964504.56,1986531.176,564673.56,1993.271,891119.907,154090.6718,83860.479,10450.506,4451.523205,275891.258
202205,24401119.98,246258,10725256.4,338533.281,8757762.732,2206278.27,2127031.294,775534.363,2193.215,840876.315,141721.6023,63604.893,12291.99289,4286.833473,286522.08
202206,25731956.04,271011,11243465.23,362940.31,9518522.686,2119959.9,2216056.909,818895.986,1951.032,943828.013,80968.12274,53186.26827,3750.34578,4357.325509,309119.816
202207,28098392.06,278722,12416257.29,465022.995,10740788.53,2165968.24,2031632.999,440204.492,1242.538,1139557.998,53419.44062,49567.79873,2304.712888,3377.646697,341958.373
202208,27499891.87,279453,12236538.1,504910.21,10570884.27,2179150.85,1728955.444,242916.671,2093.254,1079527.396,23812.36413,37633.17358,2017.648794,3870.420369,337084.516
202209,24702993.54,275804,10116344.09,363777.214,9726568.438,2113499.78,2107000.018,452679.153,2047.389,1081448.578,148001.0083,97728.57942,2421.469092,4091.25432,318582.587
202210,24103519.07,266568,9433632.648,277145.746,9643366.098,2164710.74,2318095.84,467918.517,2265.536,1074713.798,268503.4164,213295.834,12770.72879,3417.026503,275210.984
202211,22708348.81,238809,9533065.076,263629.378,8977931.51,1856719.65,1838194.193,381610.397,2269.419,824617.271,160373.3539,180901.21,13165.2776,3797.585252,271459.68
202212,22514057.27,242948,8576646.768,229664.677,9629314.41,1474972.44,2360510.977,289136.054,2746.166,1043181.869,358570.2482,361754.787,14845.52041,4039.334644,286236.998
202301,20672223.85,254414,7671921.141,321146.917,8327369.589,2146093.13,1951279.076,261801.378,2503.616,743877.197,280766.0427,344980.243,15906.96522,2979.267497,298464.367
202302,19894123.78,236975,6968405.571,292082.29,8498202.645,1977033.77,1921424.503,237614.506,1907.877,845762.233,244826.3646,289892.5663,12342.30795,4243.987346,284834.661
202303,22143061.54,260061,8601446.431,242060.505,9214758.079,1791578.66,2033156.862,243266.063,2067.815,967910.587,160856.0876,348761.6245,17387.46189,4616.253607,288290.97
202304,21931139.96,242443,10103293.63,242371.861,8587877.604,709377.03,2045776.843,176315.296,2079.642,1198984.344,99252.78121,279519.318,14710.5351,4650.319638,270264.608
202305,24166079.35,242893,11201484.71,250202.735,9182547.634,1190613.91,2098337.357,209366.641,2119.951,1179123.343,124012.2572,256374.7921,14560.77996,4734.356182,308045.237
202306,25483302.62,247071,12241272.28,330758.005,9125836.643,1412712.61,2125652.08,303895.259,1090.186,1256893.894,43276.42786,180100.427,14153.39061,15465.30168,310777.194
202307,27336899.26,268105,12599320.37,436131.924,10153310.25,1454839.2,2425192.51,342263.691,1523.293,1367210.875,67318.36746,200986.909,14858.93984,4486.538325,426543.897
202308,26733430.51,256857,11910017.13,383889.898,10266232.9,1455539.46,2460894.13,610255.252,1304.299,1140967.295,85419.65612,283715.5326,8234.020065,5166.27438,325831.801
202309,25656442.47,261133,11480492.65,377434.001,9425448.98,1403975.11,2707958.729,718879.382,1735.044,1361062.442,44200.31516,256154.0224,14446.97566,5292.453251,306188.095
202310,24190707.4,269212,9801682.689,280475.916,9586522.933,1382381.12,2870432.742,412991.508,2922.458,1224650.785,174698.5704,744853.218,15051.5359,10683.62569,284581.042
202311,22172130.17,249538,8576624.891,304224.713,9330544.917,1414041.51,2297156.138,240780.954,1807.157,1025826.087,176091.8086,589922.9284,14127.40995,5058.00141,243541.792
202312,22439961.38,262424,8017457.357,315348.616,9930946.732,1463766.77,2450017.9,205592.236,2103.016,989315.914,240294.754,722011.5146,15558.16232,5466.087127,269676.216
202401,21684705.02,248010,7583558.559,316850.298,9913189.102,1464925.94,2158171.122,203526.515,2459.327,961635.051,239976.4047,405353.9034,18268.87541,5711.67243,321239.374
202402,19652108.31,245596,7333698.91,283428.576,7985568.571,1370772.6,2433043.649,261610.12,2323.861,1052259.975,193578.6554,608020.6422,12054.17031,5687.616021,297508.609
202403,22554471.67,249973,9016981.478,336310.833,8911293.474,1463854.62,2576058.267,254504.354,2368.614,1178030.582,175193.5884,643551.3844,17287.7392,5417.339096,299704.666
202404,23230122.21,255403,9443747.721,406161.949,9466705.415,1393122.8,2264981.328,212635.672,2195.439,1184037.84,81836.88177,513274.3655,5360.111538,6285.854777,259355.164
202405,24800271.45,254382,10515340.64,279668.276,9587537.895,1454902.94,2708439.703,247130.625,2257.367,1263711.029,101820.3026,777073.8002,9333.109281,5549.025138,301564.445
202406,25855336.98,247228,10480969.52,330993.929,10509260.42,1389791.61,2897093.501,426426.613,1828.395,1602413.228,97820.29753,451072.8694,13404.62708,5714.96906,298412.502
202407,27698905.66,258826.228,11362990.21,465889.077,11591023.59,1198977,2821199.556,469631.121,1938.981,1567666.438,72667.36495,365891.6744,15876.44871,5407.753276,322119.776
202408,27324938.03,277178,11117658.29,390237.936,11859468.02,728123.89,2952271.891,642453.932,2170.359,1644473.619,46322.30968,280293.3653,16019.97421,5288.281265,315250.051
202409,26592888.55,273463,10988456.81,420899.145,11203616.21,703566.08,3002887.301,365947.137,2221.7,1416035.292,60171.45394,827614.0903,15856.33861,4464.727627,310576.562
202410,24572428.01,264794,9389276.538,353808.883,10856128.11,457292.62,3251127.858,469649.075,2272.901,1240110.71,225003.7183,1001104.914,17188.8028,4855.951526,290941.786
202411,22462670.36,256179,8210598.114,349924.493,10404845.19,0,3241123.563,441499.407,2106.982,1062336.082,273973.7107,1163467.321,16075.47585,4864.110397,276800.475
202412,22676801.63,244280,7872261.944,253668.247,10214759.4,554945.66,3536886.377,213153.597,2596.808,1049879.946,330004.163,1574724.271,17044.12339,4699.025119,344784.444
202501,21476031.22,265499,7186060.446,236917.361,9877403.004,735419.11,3174732.303,196148.982,2692.654,890989.101,295424.6,1402540.747,14391.8033,4842.081561,367702.335
202502,20055294.06,236422,6464094.205,270160.542,9302613.022,664179.47,3117824.819,312050.33,2260.769,968767.866,248884.85,1248148.031,18161.89949,4941.178629,314609.895
202503,22186042.92,248231,7623551.477,330742.367,10055588.64,734053.73,3193875.709,389378.2,2512.292,1199350.585,204044.713,1057061.286,19508.03897,5196.942969,316823.652
202504,22342930.75,258513,8242855.025,349131.386,9952781.211,709113.69,2830536.441,454415.151,2372.472,1348084.241,93080.755,623528.9318,16358.58739,5186.65192,287509.651
202505,24956700.34,270672,9310976.587,400241.35,11438348.71,394658.34,3141803.354,620063.075,2134.444,1555363.383,68516.199,541057.2855,18435.97429,5033.267572,331199.726
202506,26016007.67,271262,9886915.755,434325.954,12420571.61,0,3002932.354,602426.359,2469.788,1629736.447,58426.147,380278.0785,17145.03753,4616.8812,307833.616
202507,27068985.29,239174,10308469.67,348673.338,13015443.48,0,3157224.803,667588.083,1376.108,1442960.331,87259.508,606086.6893,18686.26396,5447.792208,327820.028
202508,27105155.13,230909,10326574.22,391551.014,13100867.25,0,3055253.651,748442.823,2299.591,1552330.524,53500.09,334013.8766,10436.17192,6327.840221,347902.734
202509,26659067.77,300007,10413861.65,539987.762,12808135.4,0,2597075.955,527552.581,2246.823,1555454.62,25407.567,135314.4281,17261.04537,6079.552081,327759.339
202510,25995362.43,285357,8280999.147,443813.104,13742054.78,0,3243138.391,428804.731,2018.42,1495119.312,172067.746,808338.8959,18804.82791,6500.815206,311483.643
202511,22520164.83,246141,6672087.948,291179.854,11600030.1,0,3710725.935,367573.62,1498.411,1215068.623,314127.712,1519733.336,17902.16296,4076.159011,270745.912
202512,22549703.69,250024,7532210.775,333589.118,10845260.69,0,3588619.108,184713.49,1961.026,1121888.866,293827.265,1631782.163,19498.58954,4459.238598,330488.47
